Cardiovascular_System.csv,https://docs.google.com/spreadsheets/d/1FqcYI9-YE_hOkeVRZ2fRA3SagXUWWW5_Ue_4ZpOWIIo/export?format=csv&gid=0
Dental_and_Craniofacial_System.csv,https://docs.google.com/spreadsheets/d/114fnNgeKrE2wWQsjbXBsieV2bHpJlhTYeRYAb5knP5Q/export?format=csv&gid=0
Digestive_System.csv,https://docs.google.com/spreadsheets/d/1t5zVuEisuhfpGoehS8IsGbn1iOa_6KYQ/export?format=csv&gid=1120296321
Endocrine_System.csv,https://docs.google.com/spreadsheets/d/1nEvT3tWfKM5CBNgNbUr5Ey1-ZIL9Qz6MQxmrKYrT6Xs/export?format=csv&gid=0
Fascia_System.csv,https://docs.google.com/spreadsheets/d/1Cm7ijZBOPf_3eXNEGAhm6ykafhoCR4tN/export?format=csv&gid=1120296321
Female_Reproductive_System.csv,https://docs.google.com/spreadsheets/d/1QMczdELeCxvuwWbAcMTBwWI8GhE0tXkc-AYsz_h3jMQ/export?format=csv&gid=0
Immune_and_Lymphatic_System.csv,https://docs.google.com/spreadsheets/d/1rDGSU8SCjQGNeG-TA8GfcteukT1BD-qG/export?format=csv&gid=1983280911
Integumentary_System.csv,https://docs.google.com/spreadsheets/d/1vaK-glmM2c9NGctcWJlgDg8ZJjc18t6H/export?format=csv&gid=1120296321
Male_Reproductive_System.csv,https://docs.google.com/spreadsheets/d/18T52JbptFIwzef2fsGpDzl7YKgrlwrl3yT4DfPor3bM/export?format=csv&gid=0
Muscular_System.csv,https://docs.google.com/spreadsheets/d/11MYLCbMQsuFUnCsOYcb0COvLy6SBlaixkPsiLYQ_fpY/export?format=csv&gid=0
Nervous_System.csv,https://docs.google.com/spreadsheets/d/1iI1F50kSoui8ws_faI-l75e0KqdjlC5iL_VzJtwM6Nw/export?format=csv&gid=0
Pulmonary_System.csv,https://docs.google.com/spreadsheets/d/1d7b7mu7CMVCWNjTfBjoqHF0eUj19JB2P/export?format=csv&gid=1120296321
Skeletal_System.csv,https://docs.google.com/spreadsheets/d/1u_SionA-IiKnJcx36r6qP3KNxcL0bXsLzXBDBqpNhOg/export?format=csv&gid=0
Urinary_System.csv,https://docs.google.com/spreadsheets/d/12iwUywZKXMEHBaZFZ3ezV5878At5fgMj/export?format=csv&gid=1120296321
